{"cameraMode":{"drawMode":0,"name":"Shaded","section":"Shading Mode"},"sceneLighting":true,"audioPlay":false,"sceneViewState":{"showFog":true,"showMaterialUpdate":false,"showSkybox":true,"showFlares":true,"showImageEffects":true,"showParticleSystems":true},"in2DMode":false,"pivot":{"x":-1143.7073974609375,"y":-174.5630340576172,"z":2468.21533203125},"rotation":{"x":-0.11531578749418259,"y":0.15430644154548646,"z":-0.018136566504836084,"w":-0.9811028838157654},"size":164.11610412597657,"orthographic":true}